{
  "validation_accuracy": 0.9567307692307693,
  "precision": 0.9811320754716981,
  "recall": 0.9369369369369369,
  "f1": 0.9585253456221199,
  "averaging": "binary",
  "n_test": 208,
  "classes": [
    0,
    1
  ]
}