{
  "validation_r2": 0.857979346032578,
  "rmse": 0.43486508759399783,
  "mae": 0.30112018769501464,
  "target_mean": 2.068558169089147,
  "target_std": 1.1539561587441387,
  "n_test": 20640
}